{"cameraMode":{"drawMode":0,"name":"Shaded","section":"Shading Mode"},"sceneLighting":false,"audioPlay":false,"sceneViewState":{"m_AlwaysRefresh":false,"showFog":true,"showSkybox":false,"showFlares":true,"showImageEffects":true,"showParticleSystems":true,"showVisualEffectGraphs":true,"m_FxEnabled":false},"in2DMode":false,"pivot":{"x":-0.15243148803710938,"y":3.726766586303711,"z":0.6087570190429688},"rotation":{"x":-0.031699251383543017,"y":0.7135465145111084,"z":-0.03235291317105293,"w":-0.6991384625434876},"size":1.032751441001892,"orthographic":false}